{"cameraMode":{"drawMode":0,"name":"Shaded","section":"Shading Mode"},"sceneLighting":true,"audioPlay":false,"sceneViewState":{"showFog":true,"showMaterialUpdate":false,"showSkybox":true,"showFlares":true,"showImageEffects":true,"showParticleSystems":true},"in2DMode":false,"pivot":{"x":8.373941421508789,"y":2.566852331161499,"z":-32.65410232543945},"rotation":{"x":0.07232929766178131,"y":0.0735359713435173,"z":0.0053475396707654,"w":-0.9946535229682922},"size":-9.21586799621582,"orthographic":false}